"","fecha","sexonac","freq"
"1",2002-01-03,"M",1
"2",2002-01-11,"F",2
"3",2002-01-12,"S",2
"4",2002-01-15,"F",2
"5",2002-01-16,"F",1
"6",2002-01-21,"F",2
"7",2002-01-23,"M",2
"8",2002-02-05,"F",1
"9",2002-02-06,"F",2
"10",2002-02-12,"F",1
"11",2002-02-14,"S",1
"12",2002-02-15,"F",2
"13",2002-02-20,"M",2
"14",2002-03-09,"M",1
"15",2002-03-14,"M",1
"16",2002-03-15,"F",1
"17",2002-03-25,"M",1
"18",2002-03-27,"M",1
"19",2002-04-08,"M",2
"20",2002-04-10,"M",1
"21",2002-04-12,"M",6
"22",2002-04-15,"F",6
"23",2002-04-19,"F",1
"24",2002-04-19,"M",4
"25",2002-04-22,"M",2
"26",2002-05-06,"F",2
"27",2002-05-06,"M",1
"28",2002-05-18,"M",2
"29",2002-05-21,"M",4
"30",2002-05-21,"S",18
"31",2002-05-24,"M",1
"32",2002-06-02,"F",1
"33",2002-06-09,"M",2
"34",2002-06-15,"M",3
"35",2002-06-20,"F",4
"36",2002-06-20,"M",3
"37",2002-06-24,"M",1
"38",2002-06-27,"M",2
"39",2002-06-28,"M",2
"40",2002-06-29,"M",2
"41",2002-07-08,"F",2
"42",2002-07-08,"M",1
"43",2002-07-08,"S",4
"44",2002-07-10,"M",1
"45",2002-07-11,"M",2
"46",2002-07-14,"F",1
"47",2002-07-15,"M",7
"48",2002-08-05,"M",2
"49",2002-08-12,"S",1
"50",2002-08-13,"M",1
"51",2002-08-15,"M",10
"52",2002-08-21,"F",2
"53",2002-08-21,"M",4
"54",2002-08-23,"M",2
"55",2002-08-26,"M",1
"56",2002-08-28,"M",2
"57",2002-08-29,"F",1
"58",2002-08-30,"M",2
"59",2002-09-03,"M",2
"60",2002-09-03,"S",1
"61",2002-09-05,"M",1
"62",2002-09-06,"M",1
"63",2002-09-07,"M",2
"64",2002-09-09,"M",1
"65",2002-09-15,"F",4
"66",2002-09-15,"M",5
"67",2002-09-16,"M",1
"68",2002-09-20,"M",1
"69",2002-09-23,"M",1
"70",2002-10-15,"F",3
"71",2002-10-15,"M",2
"72",2002-10-16,"M",4
"73",2002-10-17,"M",3
"74",2002-10-28,"F",2
"75",2002-11-08,"M",2
"76",2002-11-11,"S",2
"77",2002-11-15,"M",2
"78",2002-11-20,"M",10
"79",2002-11-25,"M",2
"80",2002-11-28,"M",1
"81",2002-12-06,"F",3
"82",2002-12-06,"M",2
"83",2002-12-09,"M",3
"84",2002-12-11,"M",1
"85",2002-12-15,"F",2
"86",2002-12-15,"M",3
"87",2002-12-23,"M",1
"88",2003-01-13,"M",6
"89",2003-01-14,"M",1
"90",2003-01-15,"F",3
"91",2003-01-15,"M",2
"92",2003-01-20,"M",2
"93",2003-01-21,"F",2
"94",2003-01-24,"M",2
"95",2003-01-31,"F",3
"96",2003-02-01,"F",2
"97",2003-02-01,"M",2
"98",2003-02-04,"M",4
"99",2003-02-07,"M",5
"100",2003-02-10,"F",2
"101",2003-02-13,"F",1
"102",2003-02-15,"M",4
"103",2003-02-22,"F",1
"104",2003-02-23,"F",2
"105",2003-02-23,"M",2
"106",2003-02-25,"F",2
"107",2003-02-25,"M",5
"108",2003-02-28,"M",2
"109",2003-03-03,"F",1
"110",2003-03-04,"M",1
"111",2003-03-07,"F",2
"112",2003-03-08,"F",1
"113",2003-03-12,"M",2
"114",2003-03-13,"M",1
"115",2003-03-15,"M",2
"116",2003-03-18,"F",2
"117",2003-03-19,"F",2
"118",2003-03-22,"M",3
"119",2003-03-26,"M",1
"120",2003-04-18,"M",2
"121",2003-04-22,"M",2
"122",2003-05-05,"F",2
"123",2003-05-07,"F",1
"124",2003-05-10,"F",2
"125",2003-05-10,"M",3
"126",2003-05-15,"M",6
"127",2003-05-16,"M",2
"128",2003-05-19,"F",2
"129",2003-05-30,"M",24
"130",2003-06-04,"M",2
"131",2003-06-10,"F",2
"132",2003-06-10,"M",17
"133",2003-06-14,"M",3
"134",2003-06-15,"F",2
"135",2003-06-20,"F",2
"136",2003-06-25,"M",2
"137",2003-07-04,"M",1
"138",2003-07-07,"F",1
"139",2003-07-07,"M",2
"140",2003-07-15,"M",2
"141",2003-07-16,"M",2
"142",2003-07-18,"F",2
"143",2003-07-21,"F",2
"144",2003-07-30,"M",2
"145",2003-07-31,"M",4
"146",2003-08-01,"F",2
"147",2003-08-03,"F",1
"148",2003-08-12,"M",2
"149",2003-08-14,"M",1
"150",2003-08-15,"M",3
"151",2003-08-21,"F",6
"152",2003-08-21,"M",29
"153",2003-08-23,"M",3
"154",2003-08-26,"M",2
"155",2003-08-28,"M",3
"156",2003-09-06,"M",3
"157",2003-09-13,"M",2
"158",2003-09-16,"M",2
"159",2003-10-15,"F",2
"160",2003-10-15,"M",2
"161",2003-10-16,"F",2
"162",2003-10-17,"M",5
"163",2003-11-04,"M",4
"164",2003-11-11,"M",1
"165",2003-11-15,"M",7
"166",2003-11-19,"M",2
"167",2003-11-21,"M",1
"168",2003-11-23,"F",2
"169",2003-11-23,"M",2
"170",2003-11-24,"F",1
"171",2003-11-24,"M",1
"172",2003-11-26,"M",1
"173",2003-11-27,"F",30
"174",2003-12-01,"F",1
"175",2003-12-09,"F",6
"176",2003-12-09,"M",2
"177",2003-12-12,"F",3
"178",2003-12-12,"M",21
"179",2003-12-15,"M",2
"180",2003-12-26,"M",1
"181",2003-12-27,"M",1
"182",2004-01-15,"M",2
"183",2004-01-21,"M",4
"184",2004-01-28,"F",2
"185",2004-01-29,"F",2
"186",2004-02-06,"F",4
"187",2004-02-06,"M",4
"188",2004-02-07,"M",6
"189",2004-02-09,"M",1
"190",2004-02-15,"F",2
"191",2004-02-15,"M",2
"192",2004-02-18,"F",1
"193",2004-02-18,"M",1
"194",2004-02-24,"F",2
"195",2004-03-01,"M",2
"196",2004-03-02,"M",4
"197",2004-03-03,"M",1
"198",2004-03-15,"F",2
"199",2004-03-15,"M",2
"200",2004-03-24,"M",1
"201",2004-03-29,"F",1
"202",2004-03-29,"M",2
"203",2004-04-01,"M",6
"204",2004-04-14,"M",3
"205",2004-04-22,"M",6
"206",2004-04-23,"M",2
"207",2004-05-01,"F",2
"208",2004-05-15,"M",3
"209",2004-05-25,"M",4
"210",2004-05-26,"M",2
"211",2004-06-05,"F",4
"212",2004-06-05,"M",1
"213",2004-06-10,"M",3
"214",2004-06-15,"M",2
"215",2004-06-17,"M",1
"216",2004-06-26,"M",2
"217",2004-07-02,"M",2
"218",2004-07-03,"M",4
"219",2004-07-09,"F",4
"220",2004-07-09,"M",2
"221",2004-07-15,"F",2
"222",2004-07-15,"M",2
"223",2004-07-20,"F",2
"224",2004-07-29,"M",2
"225",2004-08-03,"M",4
"226",2004-08-08,"M",1
"227",2004-08-09,"F",2
"228",2004-08-20,"F",3
"229",2004-08-22,"M",4
"230",2004-08-23,"F",2
"231",2004-09-02,"F",2
"232",2004-09-03,"M",3
"233",2004-09-07,"F",1
"234",2004-09-11,"M",2
"235",2004-09-17,"M",2
"236",2004-09-22,"M",2
"237",2004-10-02,"M",1
"238",2004-10-03,"F",2
"239",2004-10-06,"M",1
"240",2004-10-17,"F",2
"241",2004-10-25,"F",2
"242",2004-11-07,"M",3
"243",2004-11-08,"M",1
"244",2004-11-11,"M",1
"245",2004-11-18,"M",2
"246",2004-11-19,"F",1
"247",2004-11-29,"M",1
"248",2004-12-01,"M",2
"249",2004-12-05,"M",2
"250",2004-12-07,"M",1
"251",2004-12-08,"M",4
"252",2004-12-10,"M",2
"253",2004-12-12,"M",2
"254",2004-12-15,"M",2
"255",2004-12-24,"F",4
"256",2005-01-01,"F",2
"257",2005-01-12,"F",2
"258",2005-01-15,"F",2
"259",2005-01-21,"M",2
"260",2005-01-25,"F",2
"261",2005-01-28,"M",4
"262",2005-02-10,"M",1
"263",2005-02-21,"M",2
"264",2005-02-24,"F",2
"265",2005-02-28,"F",2
"266",2005-03-03,"M",1
"267",2005-03-07,"M",2
"268",2005-03-08,"M",3
"269",2005-03-11,"M",1
"270",2005-03-15,"M",2
"271",2005-03-29,"M",4
"272",2005-04-08,"M",6
"273",2005-04-10,"M",2
"274",2005-04-11,"F",2
"275",2005-04-11,"M",2
"276",2005-04-14,"S",4
"277",2005-04-17,"M",2
"278",2005-04-23,"F",2
"279",2005-04-23,"M",2
"280",2005-04-24,"M",2
"281",2005-05-05,"M",4
"282",2005-05-06,"F",2
"283",2005-05-07,"F",2
"284",2005-05-12,"M",2
"285",2005-05-13,"F",2
"286",2005-05-13,"M",2
"287",2005-05-14,"M",1
"288",2005-05-18,"M",1
"289",2005-05-19,"M",2
"290",2005-05-24,"F",2
"291",2005-05-26,"M",2
"292",2005-05-28,"F",2
"293",2005-05-31,"M",2
"294",2005-06-01,"M",1
"295",2005-06-06,"F",4
"296",2005-06-06,"M",2
"297",2005-06-13,"M",2
"298",2005-06-15,"F",2
"299",2005-06-15,"M",2
"300",2005-06-18,"M",2
"301",2005-06-21,"F",2
"302",2005-06-25,"M",2
"303",2005-07-05,"M",2
"304",2005-07-07,"F",5
"305",2005-07-12,"M",1
"306",2005-07-17,"M",2
"307",2005-07-29,"M",2
"308",2005-08-05,"F",6
"309",2005-08-05,"M",2
"310",2005-08-11,"M",1
"311",2005-08-12,"M",2
"312",2005-08-18,"M",2
"313",2005-08-24,"F",2
"314",2005-08-25,"M",4
"315",2005-09-10,"M",2
"316",2005-09-12,"M",2
"317",2005-09-15,"F",1
"318",2005-09-16,"M",2
"319",2005-09-18,"M",2
"320",2005-09-30,"F",2
"321",2005-09-30,"M",2
"322",2005-10-01,"M",1
"323",2005-10-03,"M",2
"324",2005-10-13,"M",2
"325",2005-10-24,"M",2
"326",2005-10-26,"M",4
"327",2005-10-30,"M",2
"328",2005-11-08,"M",2
"329",2005-11-09,"F",2
"330",2005-11-10,"M",2
"331",2005-11-13,"F",2
"332",2005-11-16,"M",2
"333",2005-11-17,"M",1
"334",2005-11-29,"M",2
"335",2005-11-30,"M",2
"336",2005-12-01,"M",3
"337",2005-12-05,"M",2
"338",2005-12-07,"M",1
"339",2005-12-08,"M",4
"340",2005-12-09,"M",2
"341",2005-12-17,"M",2
"342",2005-12-29,"F",2
"343",2006-01-04,"M",1
"344",2006-01-12,"M",2
"345",2006-01-15,"M",4
"346",2006-01-19,"M",2
"347",2006-01-25,"M",2
"348",2006-02-07,"M",2
"349",2006-02-12,"F",2
"350",2006-02-17,"M",4
"351",2006-03-05,"M",2
"352",2006-03-06,"F",4
"353",2006-03-10,"M",3
"354",2006-03-12,"M",2
"355",2006-03-15,"F",2
"356",2006-03-15,"M",3
"357",2006-03-20,"F",2
"358",2006-03-21,"M",1
"359",2006-03-22,"F",6
"360",2006-03-24,"M",1
"361",2006-03-25,"F",2
"362",2006-03-25,"M",2
"363",2006-03-27,"F",4
"364",2006-04-01,"F",2
"365",2006-04-01,"M",2
"366",2006-04-05,"M",4
"367",2006-04-10,"F",2
"368",2006-04-12,"M",2
"369",2006-04-14,"M",4
"370",2006-04-18,"F",2
"371",2006-04-18,"M",2
"372",2006-04-23,"M",2
"373",2006-04-27,"F",2
"374",2006-04-30,"M",2
"375",2006-05-06,"M",2
"376",2006-05-16,"F",2
"377",2006-05-18,"F",2
"378",2006-05-28,"M",1
"379",2006-05-30,"F",2
"380",2006-06-01,"M",2
"381",2006-06-03,"M",2
"382",2006-06-12,"F",2
"383",2006-06-13,"F",2
"384",2006-06-15,"F",1
"385",2006-06-18,"M",2
"386",2006-06-21,"F",2
"387",2006-06-24,"M",2
"388",2006-07-11,"F",2
"389",2006-07-13,"M",2
"390",2006-07-19,"M",1
"391",2006-07-20,"M",2
"392",2006-08-07,"F",1
"393",2006-08-08,"M",2
"394",2006-08-12,"M",1
"395",2006-08-16,"M",1
"396",2006-08-21,"M",2
"397",2006-09-13,"M",2
"398",2006-10-02,"M",1
"399",2006-10-18,"F",1
"400",2006-11-03,"M",2
"401",2006-11-04,"M",2
"402",2006-11-09,"F",1
"403",2006-11-09,"M",2
"404",2006-11-14,"M",2
"405",2006-12-13,"F",2
"406",2006-12-13,"M",8
"407",2006-12-26,"M",2
"408",2007-01-14,"M",2
"409",2007-01-17,"F",2
"410",2007-01-17,"S",2
"411",2007-01-28,"M",6
"412",2007-01-30,"F",2
"413",2007-01-30,"M",2
"414",2007-02-02,"M",2
"415",2007-02-09,"F",2
"416",2007-02-09,"M",6
"417",2007-02-13,"M",1
"418",2007-02-15,"F",2
"419",2007-02-15,"M",2
"420",2007-02-25,"M",4
"421",2007-02-28,"M",2
"422",2007-03-08,"F",2
"423",2007-03-09,"M",2
"424",2007-03-10,"M",6
"425",2007-03-20,"F",4
"426",2007-03-20,"M",10
"427",2007-03-23,"F",2
"428",2007-03-23,"M",2
"429",2007-03-27,"M",2
"430",2007-04-02,"M",4
"431",2007-04-12,"M",2
"432",2007-04-16,"M",2
"433",2007-04-19,"M",2
"434",2007-04-23,"F",4
"435",2007-05-01,"M",2
"436",2007-05-07,"M",2
"437",2007-05-08,"M",2
"438",2007-05-09,"M",2
"439",2007-05-13,"F",2
"440",2007-05-14,"M",2
"441",2007-05-19,"M",2
"442",2007-06-02,"F",2
"443",2007-06-02,"M",2
"444",2007-06-06,"F",6
"445",2007-06-06,"M",10
"446",2007-06-08,"F",2
"447",2007-06-08,"M",2
"448",2007-06-09,"M",4
"449",2007-06-21,"F",2
"450",2007-06-29,"M",2
"451",2007-06-30,"M",2
"452",2007-07-13,"M",4
"453",2007-07-31,"M",2
"454",2007-08-01,"M",4
"455",2007-08-10,"M",4
"456",2007-08-11,"M",4
"457",2007-08-12,"M",2
"458",2007-08-17,"M",2
"459",2007-08-30,"F",2
"460",2007-08-31,"M",2
"461",2007-09-01,"M",1
"462",2007-09-07,"F",2
"463",2007-09-11,"M",4
"464",2007-09-12,"F",2
"465",2007-09-12,"M",2
"466",2007-09-15,"F",4
"467",2007-09-16,"F",2
"468",2007-09-16,"M",2
"469",2007-09-17,"F",2
"470",2007-09-18,"M",4
"471",2007-10-19,"M",6
"472",2007-10-23,"M",2
"473",2007-11-04,"F",4
"474",2007-11-04,"M",2
"475",2007-11-07,"F",1
"476",2007-11-11,"F",2
"477",2007-11-26,"F",2
"478",2007-11-29,"M",2
"479",2007-12-04,"M",2
"480",2007-12-07,"M",4
"481",2007-12-12,"M",1
"482",2007-12-23,"F",2
"483",2007-12-31,"M",2
"484",2008-01-04,"F",2
"485",2008-01-07,"M",1
"486",2008-01-16,"F",2
"487",2008-01-21,"F",2
"488",2008-01-21,"M",5
"489",2008-01-22,"M",2
"490",2008-01-23,"F",2
"491",2008-01-26,"F",1
"492",2008-01-29,"M",2
"493",2008-01-30,"M",2
"494",2008-02-09,"M",2
"495",2008-02-11,"F",1
"496",2008-02-12,"M",2
"497",2008-02-14,"M",2
"498",2008-02-16,"M",1
"499",2008-02-17,"M",4
"500",2008-03-02,"F",2
"501",2008-03-09,"F",2
"502",2008-03-09,"M",2
"503",2008-03-11,"F",4
"504",2008-03-11,"M",4
"505",2008-03-12,"F",8
"506",2008-03-12,"M",2
"507",2008-03-19,"M",4
"508",2008-03-26,"F",1
"509",2008-03-26,"M",2
"510",2008-03-28,"M",2
"511",2008-03-31,"M",2
"512",2008-04-01,"M",8
"513",2008-04-02,"F",4
"514",2008-04-05,"M",3
"515",2008-04-16,"M",1
"516",2008-04-19,"F",2
"517",2008-04-19,"M",14
"518",2008-04-22,"F",9
"519",2008-04-22,"M",24
"520",2008-04-23,"F",2
"521",2008-04-23,"M",6
"522",2008-04-29,"M",4
"523",2008-05-01,"M",2
"524",2008-05-02,"M",31
"525",2008-05-07,"M",5
"526",2008-05-08,"M",3
"527",2008-05-10,"M",1
"528",2008-05-17,"F",2
"529",2008-05-17,"M",5
"530",2008-06-13,"M",2
"531",2008-06-16,"M",2
"532",2008-06-18,"F",3
"533",2008-06-19,"M",2
"534",2008-06-24,"M",2
"535",2008-06-29,"F",1
"536",2008-06-29,"M",1
"537",2008-07-08,"M",2
"538",2008-07-19,"M",2
"539",2008-08-13,"M",4
"540",2008-08-14,"M",1
"541",2008-08-15,"F",1
"542",2008-08-15,"M",3
"543",2008-08-16,"M",2
"544",2008-08-22,"F",2
"545",2008-09-03,"M",3
"546",2008-09-05,"M",2
"547",2008-09-17,"M",2
"548",2008-09-18,"M",2
"549",2008-09-20,"M",2
"550",2008-09-22,"M",2
"551",2008-09-24,"F",6
"552",2008-09-24,"M",2
"553",2008-09-30,"F",1
"554",2008-10-07,"M",1
"555",2008-10-21,"F",1
"556",2008-10-29,"M",6
"557",2008-10-31,"M",3
"558",2008-11-04,"M",14
"559",2008-11-05,"F",2
"560",2008-11-05,"M",8
"561",2008-11-06,"M",2
"562",2008-11-10,"F",2
"563",2008-11-14,"M",2
"564",2008-11-20,"M",2
"565",2008-11-21,"M",2
"566",2008-11-24,"F",2
"567",2008-11-28,"M",2
"568",2008-12-05,"M",4
"569",2008-12-08,"M",6
"570",2008-12-16,"M",1
"571",2008-12-29,"F",1
"572",2009-01-01,"M",1
"573",2009-01-06,"M",2
"574",2009-01-07,"M",1
"575",2009-01-13,"F",6
"576",2009-01-13,"M",4
"577",2009-01-14,"M",1
"578",2009-01-15,"F",2
"579",2009-01-15,"M",1
"580",2009-01-17,"M",1
"581",2009-01-20,"M",1
"582",2009-01-27,"M",2
"583",2009-01-28,"M",1
"584",2009-02-04,"M",1
"585",2009-02-07,"M",2
"586",2009-02-12,"M",2
"587",2009-02-13,"F",18
"588",2009-02-13,"M",70
"589",2009-02-24,"M",1
"590",2009-03-02,"F",2
"591",2009-03-02,"M",3
"592",2009-03-04,"M",2
"593",2009-03-06,"M",3
"594",2009-03-09,"M",2
"595",2009-03-12,"M",1
"596",2009-03-14,"M",1
"597",2009-03-15,"F",1
"598",2009-03-15,"M",1
"599",2009-03-16,"M",1
"600",2009-04-04,"F",1
"601",2009-04-04,"M",2
"602",2009-04-05,"M",3
"603",2009-04-14,"F",2
"604",2009-04-16,"F",2
"605",2009-04-16,"M",4
"606",2009-04-17,"F",1
"607",2009-04-22,"M",2
"608",2009-05-01,"M",7
"609",2009-05-03,"M",1
"610",2009-05-04,"F",1
"611",2009-05-04,"M",2
"612",2009-05-07,"M",1
"613",2009-05-09,"F",1
"614",2009-05-11,"F",2
"615",2009-05-13,"M",7
"616",2009-05-17,"F",2
"617",2009-05-18,"M",1
"618",2009-05-20,"M",1
"619",2009-05-23,"M",2
"620",2009-05-26,"M",4
"621",2009-05-31,"M",2
"622",2009-06-04,"M",1
"623",2009-06-05,"M",1
"624",2009-06-06,"F",1
"625",2009-06-06,"M",4
"626",2009-06-11,"M",1
"627",2009-06-15,"M",6
"628",2009-06-23,"M",2
"629",2009-06-30,"F",2
"630",2009-06-30,"M",9
"631",2009-07-06,"M",2
"632",2009-07-26,"F",1
"633",2009-08-02,"M",1
"634",2009-08-05,"F",1
"635",2009-08-16,"F",1
"636",2009-08-20,"M",1
"637",2009-08-21,"M",2
"638",2009-09-14,"M",2
"639",2009-09-28,"M",1
"640",2009-10-01,"M",4
"641",2009-10-11,"M",7
"642",2009-10-14,"F",2
"643",2009-10-16,"F",1
"644",2009-10-16,"M",1
"645",2009-10-17,"M",1
"646",2009-10-18,"F",3
"647",2009-10-18,"M",2
"648",2009-10-26,"M",1
"649",2009-10-30,"F",1
"650",2009-10-30,"M",2
"651",2009-11-17,"M",1
"652",2009-11-23,"F",1
"653",2009-11-30,"M",1
"654",2009-12-01,"M",1
"655",2009-12-02,"M",1
"656",2009-12-04,"M",1
"657",2009-12-14,"M",1
"658",2009-12-15,"F",1
"659",2010-01-01,"F",2
"660",2010-01-03,"S",5
"661",2010-01-25,"S",2
"662",2010-02-16,"F",1
"663",2010-02-17,"F",1
"664",2010-02-21,"M",1
"665",2010-03-11,"F",2
"666",2010-03-15,"M",1
"667",2010-03-20,"S",2
"668",2010-03-29,"S",2
"669",2010-04-07,"S",1
"670",2010-04-09,"M",2
"671",2010-04-09,"S",2
"672",2010-04-22,"S",1
"673",2010-04-28,"M",2
"674",2010-05-03,"S",1
"675",2010-05-05,"S",10
"676",2010-05-07,"M",1
"677",2010-05-11,"S",1
"678",2010-05-14,"F",8
"679",2010-05-14,"M",22
"680",2010-05-14,"S",4
"681",2010-05-18,"F",1
"682",2010-05-18,"M",2
"683",2010-05-20,"F",1
"684",2010-05-20,"S",1
"685",2010-05-21,"M",1
"686",2010-05-23,"M",4
"687",2010-05-23,"S",3
"688",2010-05-26,"M",1
"689",2010-05-27,"S",3
"690",2010-05-28,"M",1
"691",2010-05-29,"M",2
"692",2010-05-29,"S",2
"693",2010-06-03,"F",1
"694",2010-06-05,"M",2
"695",2010-06-07,"S",2
"696",2010-06-17,"S",2
"697",2010-07-01,"F",1
"698",2010-07-01,"M",1
"699",2010-07-02,"M",8
"700",2010-07-03,"S",1
"701",2010-07-10,"M",2
"702",2010-07-11,"F",1
"703",2010-07-11,"M",2
"704",2010-07-17,"M",4
"705",2010-07-18,"F",1
"706",2010-07-21,"F",1
"707",2010-07-22,"M",2
"708",2010-07-23,"M",1
"709",2010-07-24,"F",2
"710",2010-07-25,"M",4
"711",2010-07-28,"F",2
"712",2010-07-28,"M",20
"713",2010-08-09,"F",1
"714",2010-08-10,"F",2
"715",2010-08-12,"F",2
"716",2010-08-12,"M",4
"717",2010-08-13,"F",2
"718",2010-08-13,"M",1
"719",2010-08-15,"F",1
"720",2010-08-18,"M",2
"721",2010-08-20,"M",2
"722",2010-08-29,"M",1
"723",2010-09-06,"M",6
"724",2010-09-07,"F",1
"725",2010-09-07,"M",2
"726",2010-09-10,"F",1
"727",2010-09-10,"M",2
"728",2010-09-14,"M",2
"729",2010-09-15,"M",2
"730",2010-09-16,"M",1
"731",2010-09-17,"F",2
"732",2010-09-19,"M",1
"733",2010-09-24,"M",1
"734",2010-09-26,"M",1
"735",2010-09-28,"F",6
"736",2010-09-28,"M",14
"737",2010-10-04,"M",2
"738",2010-10-05,"F",1
"739",2010-10-05,"M",1
"740",2010-10-09,"F",1
"741",2010-10-09,"M",2
"742",2010-10-11,"F",1
"743",2010-10-12,"M",2
"744",2010-10-13,"M",2
"745",2010-10-14,"M",1
"746",2010-11-05,"M",1
"747",2010-11-14,"F",1
"748",2010-11-14,"M",1
"749",2010-11-14,"S",1
"750",2010-11-16,"F",2
"751",2010-11-16,"M",1
"752",2010-11-17,"F",5
"753",2010-11-17,"M",1
"754",2010-11-18,"M",2
"755",2010-11-24,"M",1
"756",2010-11-25,"F",2
"757",2010-12-01,"F",3
"758",2010-12-05,"M",2
"759",2010-12-10,"M",1
"760",2010-12-11,"F",8
"761",2010-12-14,"M",3
"762",2010-12-23,"M",3
"763",2010-12-31,"M",1
"764",2011-01-06,"F",2
"765",2011-01-11,"M",3
"766",2011-01-13,"F",1
"767",2011-01-13,"M",3
"768",2011-01-20,"F",2
"769",2011-01-30,"M",1
"770",2011-01-31,"F",2
"771",2011-01-31,"M",3
"772",2011-02-07,"F",1
"773",2011-02-09,"M",2
"774",2011-02-11,"F",6
"775",2011-02-16,"F",10
"776",2011-02-16,"M",54
"777",2011-02-17,"F",2
"778",2011-02-22,"M",1
"779",2011-02-23,"F",10
"780",2011-02-23,"M",24
"781",2011-02-25,"F",1
"782",2011-03-02,"F",1
"783",2011-03-02,"M",5
"784",2011-03-07,"M",2
"785",2011-03-08,"F",3
"786",2011-03-08,"M",16
"787",2011-03-09,"M",1
"788",2011-03-16,"M",3
"789",2011-03-23,"M",5
"790",2011-03-24,"M",1
"791",2011-03-26,"M",4
"792",2011-03-29,"M",1
"793",2011-03-30,"F",4
"794",2011-03-31,"M",1
"795",2011-04-04,"M",1
"796",2011-04-06,"F",2
"797",2011-04-07,"M",1
"798",2011-04-25,"M",10
"799",2011-04-30,"S",2
"800",2011-05-01,"M",2
"801",2011-05-20,"F",2
"802",2011-06-02,"M",4
"803",2011-06-08,"F",1
"804",2011-06-14,"F",2
"805",2011-06-14,"M",4
"806",2011-06-22,"M",2
"807",2011-06-27,"F",1
"808",2011-07-05,"M",8
"809",2011-07-13,"F",2
"810",2011-07-15,"M",3
"811",2011-07-19,"M",1
"812",2011-07-27,"M",9
"813",2011-07-28,"F",2
"814",2011-07-28,"M",1
"815",2011-07-29,"F",1
"816",2011-08-06,"M",1
"817",2011-08-07,"F",1
"818",2011-08-09,"M",1
"819",2011-08-22,"M",1
"820",2011-08-23,"F",1
"821",2011-08-23,"M",1
"822",2011-08-24,"M",1
"823",2011-09-01,"M",1
"824",2011-09-02,"M",1
"825",2011-09-03,"F",1
"826",2011-09-08,"M",1
"827",2011-09-12,"M",1
"828",2011-09-14,"F",1
"829",2011-09-16,"F",2
"830",2011-09-16,"M",2
"831",2011-09-24,"M",1
"832",2011-09-25,"M",1
"833",2011-10-03,"M",1
"834",2011-10-04,"S",1
"835",2011-10-05,"S",1
"836",2011-10-16,"M",3
"837",2011-10-18,"S",2
"838",2011-10-27,"F",1
"839",2011-10-29,"M",1
"840",2011-11-09,"F",1
"841",2011-11-10,"F",10
"842",2011-11-10,"M",3
"843",2011-11-10,"S",2
"844",2011-11-12,"M",2
"845",2011-11-21,"S",1
"846",2011-11-23,"M",1
"847",2011-11-23,"S",1
"848",2011-11-25,"S",1
"849",2011-11-27,"S",1
"850",2011-11-28,"S",1
"851",2011-12-10,"F",16
"852",2011-12-10,"S",2
"853",2011-12-16,"F",1
"854",2011-12-23,"S",1
"855",2012-01-01,"S",1
"856",2012-01-02,"S",1
"857",2012-01-04,"S",2
"858",2012-01-10,"S",1
"859",2012-01-12,"S",1
"860",2012-01-13,"S",1
"861",2012-01-15,"M",1
"862",2012-01-15,"S",1
"863",2012-01-16,"S",1
"864",2012-01-17,"F",1
"865",2012-01-17,"S",1
"866",2012-01-20,"M",1
"867",2012-01-20,"S",2
"868",2012-01-21,"F",2
"869",2012-01-21,"M",2
"870",2012-01-21,"S",1
"871",2012-01-23,"F",1
"872",2012-01-23,"S",1
"873",2012-01-24,"S",1
"874",2012-01-25,"F",1
"875",2012-01-25,"M",2
"876",2012-01-27,"M",1
"877",2012-01-29,"F",1
"878",2012-02-02,"F",1
"879",2012-02-04,"M",2
"880",2012-02-04,"S",1
"881",2012-02-07,"M",2
"882",2012-02-07,"S",7
"883",2012-02-11,"F",1
"884",2012-02-11,"M",1
"885",2012-02-15,"S",1
"886",2012-02-17,"S",1
"887",2012-02-18,"S",1
"888",2012-02-20,"F",2
"889",2012-02-20,"M",2
"890",2012-02-20,"S",2
"891",2012-02-21,"F",1
"892",2012-02-21,"S",3
"893",2012-02-27,"S",3
"894",2012-03-02,"S",2
"895",2012-03-04,"S",1
"896",2012-03-06,"F",1
"897",2012-03-07,"S",1
"898",2012-03-08,"S",1
"899",2012-03-10,"M",1
"900",2012-03-11,"S",1
"901",2012-03-12,"S",1
"902",2012-03-15,"S",1
"903",2012-03-16,"M",1
"904",2012-03-23,"M",2
"905",2012-04-03,"F",4
"906",2012-04-03,"M",1
"907",2012-04-05,"S",2
"908",2012-04-11,"S",3
"909",2012-04-13,"S",2
"910",2012-04-17,"S",1
"911",2012-04-18,"S",2
"912",2012-04-19,"S",2
"913",2012-04-20,"S",1
"914",2012-04-21,"S",3
"915",2012-04-22,"S",1
"916",2012-04-26,"S",2
"917",2012-04-27,"M",1
"918",2012-04-28,"S",1
"919",2012-04-29,"F",1
"920",2012-04-30,"M",2
"921",2012-05-02,"M",5
"922",2012-05-03,"F",1
"923",2012-05-03,"M",1
"924",2012-05-07,"F",1
"925",2012-05-07,"M",1
"926",2012-05-08,"F",1
"927",2012-05-08,"M",3
"928",2012-05-09,"M",8
"929",2012-05-13,"F",1
"930",2012-05-13,"M",1
"931",2012-05-16,"M",1
"932",2012-05-17,"M",1
"933",2012-05-21,"M",1
"934",2012-05-22,"F",2
"935",2012-05-22,"M",3
"936",2012-05-23,"F",1
"937",2012-05-23,"M",3
"938",2012-05-27,"M",1
"939",2012-05-28,"M",2
"940",2012-05-29,"F",2
"941",2012-05-29,"M",2
"942",2012-05-30,"M",1
"943",2012-06-04,"M",1
"944",2012-06-05,"M",1
"945",2012-06-08,"M",1
"946",2012-06-09,"M",1
"947",2012-06-10,"M",1
"948",2012-06-11,"F",1
"949",2012-06-11,"M",1
"950",2012-06-19,"M",1
"951",2012-06-20,"F",1
"952",2012-06-28,"F",2
"953",2012-06-28,"M",6
"954",2012-07-04,"F",3
"955",2012-07-04,"M",6
"956",2012-07-05,"M",1
"957",2012-07-07,"M",3
"958",2012-07-09,"F",1
"959",2012-07-10,"F",1
"960",2012-07-10,"M",3
"961",2012-07-13,"M",1
"962",2012-07-15,"M",3
"963",2012-07-16,"F",1
"964",2012-07-16,"M",1
"965",2012-07-17,"M",1
"966",2012-07-20,"M",1
"967",2012-07-21,"M",1
"968",2012-07-25,"M",3
"969",2012-07-29,"M",1
"970",2012-08-01,"F",1
"971",2012-08-01,"M",1
"972",2012-08-04,"M",4
"973",2012-08-11,"M",2
"974",2012-08-12,"M",1
"975",2012-08-16,"F",1
"976",2012-08-18,"M",2
"977",2012-08-22,"F",1
"978",2012-08-22,"M",1
"979",2012-08-23,"M",1
"980",2012-08-24,"F",1
"981",2012-08-28,"F",2
"982",2012-08-30,"F",2
"983",2012-09-04,"F",2
"984",2012-09-04,"M",2
"985",2012-09-06,"F",1
"986",2012-09-06,"M",1
"987",2012-09-07,"S",1
"988",2012-09-14,"M",1
"989",2012-09-17,"S",1
"990",2012-09-19,"M",1
"991",2012-09-24,"F",5
"992",2012-09-24,"M",4
"993",2012-09-26,"M",1
"994",2012-10-02,"F",1
"995",2012-10-02,"M",2
"996",2012-10-02,"S",3
"997",2012-10-03,"M",1
"998",2012-10-03,"S",1
"999",2012-10-04,"F",1
"1000",2012-10-05,"S",1
"1001",2012-10-06,"M",1
"1002",2012-10-07,"M",1
"1003",2012-10-09,"M",1
"1004",2012-10-10,"F",3
"1005",2012-10-10,"M",13
"1006",2012-10-12,"F",2
"1007",2012-10-12,"M",1
"1008",2012-10-16,"M",1
"1009",2012-10-17,"M",1
"1010",2012-10-19,"F",1
"1011",2012-10-19,"M",10
"1012",2012-10-21,"M",1
"1013",2012-10-22,"F",1
"1014",2012-10-27,"S",2
"1015",2012-10-30,"S",1
"1016",2012-10-31,"M",1
"1017",2012-10-31,"S",1
"1018",2012-11-02,"F",1
"1019",2012-11-02,"M",1
"1020",2012-11-03,"F",1
"1021",2012-11-07,"S",1
"1022",2012-11-09,"M",1
"1023",2012-11-10,"M",1
"1024",2012-11-12,"M",1
"1025",2012-11-14,"F",1
"1026",2012-11-21,"M",1
"1027",2012-11-23,"F",2
"1028",2012-11-23,"M",3
"1029",2012-11-27,"M",1
"1030",2012-11-30,"M",1
"1031",2012-12-01,"M",1
"1032",2012-12-03,"M",1
"1033",2012-12-11,"S",1
"1034",2012-12-12,"M",1
"1035",2012-12-15,"F",1
"1036",2012-12-17,"M",1
"1037",2012-12-22,"M",1
"1038",2012-12-26,"F",1
"1039",2012-12-26,"M",1
"1040",2013-01-01,"M",2
"1041",2013-01-04,"M",1
"1042",2013-01-08,"M",1
"1043",2013-01-11,"F",1
"1044",2013-01-11,"M",1
"1045",2013-01-16,"M",1
"1046",2013-01-20,"M",1
"1047",2013-01-22,"M",1
"1048",2013-01-25,"M",1
"1049",2013-01-28,"M",1
"1050",2013-01-30,"F",1
"1051",2013-01-31,"M",1
"1052",2013-02-02,"M",1
"1053",2013-02-04,"M",1
"1054",2013-02-05,"S",1
"1055",2013-02-06,"M",1
"1056",2013-02-07,"F",1
"1057",2013-02-11,"F",2
"1058",2013-02-12,"F",2
"1059",2013-02-13,"M",3
"1060",2013-02-19,"F",1
"1061",2013-02-19,"M",2
"1062",2013-02-21,"S",1
"1063",2013-02-22,"F",1
"1064",2013-02-23,"F",1
"1065",2013-02-23,"M",2
"1066",2013-02-24,"M",1
"1067",2013-02-25,"F",1
"1068",2013-02-25,"M",3
"1069",2013-03-07,"F",2
"1070",2013-03-07,"M",2
"1071",2013-03-09,"F",1
"1072",2013-03-12,"F",1
"1073",2013-03-21,"M",1
"1074",2013-03-22,"M",1
"1075",2013-03-24,"M",1
"1076",2013-03-25,"S",1
"1077",2013-03-27,"F",1
"1078",2013-03-29,"M",1
"1079",2013-03-31,"S",1
"1080",2013-04-01,"M",1
"1081",2013-04-03,"F",1
"1082",2013-04-04,"M",2
"1083",2013-04-07,"M",1
"1084",2013-04-09,"F",1
"1085",2013-04-09,"M",1
"1086",2013-04-10,"F",3
"1087",2013-04-10,"M",2
"1088",2013-04-11,"F",1
"1089",2013-04-11,"M",3
"1090",2013-04-12,"M",4
"1091",2013-04-13,"M",1
"1092",2013-04-14,"M",1
"1093",2013-04-15,"M",1
"1094",2013-04-16,"M",1
"1095",2013-04-18,"M",1
"1096",2013-04-19,"M",1
"1097",2013-04-20,"F",1
"1098",2013-04-24,"F",2
"1099",2013-04-26,"M",1
"1100",2013-04-27,"M",3
"1101",2013-04-28,"M",2
"1102",2013-04-28,"S",5
"1103",2013-05-01,"S",1
"1104",2013-05-02,"S",3
"1105",2013-05-03,"S",2
"1106",2013-05-04,"S",1
"1107",2013-05-06,"S",8
"1108",2013-05-07,"S",1
"1109",2013-05-08,"S",9
"1110",2013-05-09,"S",2
"1111",2013-05-11,"F",1
"1112",2013-05-11,"M",1
"1113",2013-05-14,"F",2
"1114",2013-05-14,"M",3
"1115",2013-05-16,"F",1
"1116",2013-05-17,"F",1
"1117",2013-05-17,"M",2
"1118",2013-05-17,"S",1
"1119",2013-05-19,"M",3
"1120",2013-05-20,"M",1
"1121",2013-05-21,"M",3
"1122",2013-05-27,"F",1
"1123",2013-05-27,"M",1
"1124",2013-05-30,"M",1
"1125",2013-06-03,"F",1
"1126",2013-06-03,"M",1
"1127",2013-06-04,"M",2
"1128",2013-06-05,"F",1
"1129",2013-06-06,"M",1
"1130",2013-06-07,"F",1
"1131",2013-06-07,"M",3
"1132",2013-06-20,"S",1
"1133",2013-06-22,"M",1
"1134",2013-07-06,"M",2
"1135",2013-07-11,"M",2
"1136",2013-07-13,"S",1
"1137",2013-07-14,"M",2
"1138",2013-07-15,"M",4
"1139",2013-07-16,"F",3
"1140",2013-07-16,"M",6
"1141",2013-07-19,"M",1
"1142",2013-07-24,"S",1
"1143",2013-07-26,"M",1
"1144",2013-07-28,"F",1
"1145",2013-07-28,"M",4
"1146",2013-07-29,"M",1
"1147",2013-08-01,"M",2
"1148",2013-08-03,"M",2
"1149",2013-08-04,"M",25
"1150",2013-08-04,"S",1
"1151",2013-08-05,"M",1
"1152",2013-08-07,"M",3
"1153",2013-08-09,"M",1
"1154",2013-08-14,"M",2
"1155",2013-08-15,"M",1
"1156",2013-08-19,"F",1
"1157",2013-08-19,"M",3
"1158",2013-08-19,"S",2
"1159",2013-08-20,"M",1
"1160",2013-08-22,"M",4
"1161",2013-08-24,"F",3
"1162",2013-08-25,"M",3
"1163",2013-08-26,"S",1
"1164",2013-08-27,"S",1
"1165",2013-09-03,"F",1
"1166",2013-09-03,"S",7
"1167",2013-09-06,"M",1
"1168",2013-09-07,"M",1
"1169",2013-09-08,"F",3
"1170",2013-09-08,"M",9
"1171",2013-09-11,"M",2
"1172",2013-09-12,"M",1
"1173",2013-09-15,"M",1
"1174",2013-09-17,"M",1
"1175",2013-09-24,"F",1
"1176",2013-09-29,"M",1
"1177",2013-09-30,"F",1
"1178",2013-10-01,"M",1
"1179",2013-10-01,"S",1
"1180",2013-10-02,"M",1
"1181",2013-10-03,"F",1
"1182",2013-10-03,"M",3
"1183",2013-10-04,"F",1
"1184",2013-10-04,"M",3
"1185",2013-10-06,"F",1
"1186",2013-10-06,"M",2
"1187",2013-10-07,"M",1
"1188",2013-10-10,"F",3
"1189",2013-10-10,"M",1
"1190",2013-10-12,"M",1
"1191",2013-10-15,"M",1
"1192",2013-10-17,"S",1
"1193",2013-10-21,"M",1
"1194",2013-10-22,"F",3
"1195",2013-10-22,"M",6
"1196",2013-10-23,"M",2
"1197",2013-10-30,"F",3
"1198",2013-10-30,"M",7
"1199",2013-10-31,"M",2
"1200",2013-11-02,"M",1
"1201",2013-11-05,"M",9
"1202",2013-11-08,"M",1
"1203",2013-11-10,"M",1
"1204",2013-11-15,"M",1
"1205",2013-11-17,"M",2
"1206",2013-11-18,"M",1
"1207",2013-11-19,"M",2
"1208",2013-11-21,"F",2
"1209",2013-11-21,"M",1
"1210",2013-11-26,"M",2
"1211",2013-11-28,"M",1
"1212",2013-11-29,"M",2
"1213",2013-11-30,"M",1
"1214",2013-12-01,"F",1
"1215",2013-12-01,"M",1
"1216",2013-12-03,"F",1
"1217",2013-12-03,"M",3
"1218",2013-12-04,"F",1
"1219",2013-12-04,"M",4
"1220",2013-12-05,"F",2
"1221",2013-12-05,"M",4
"1222",2013-12-06,"M",2
"1223",2013-12-07,"M",1
"1224",2013-12-12,"M",1
"1225",2013-12-17,"F",3
"1226",2013-12-17,"M",3
"1227",2013-12-18,"F",1
"1228",2014-01-01,"M",3
"1229",2014-01-03,"M",1
"1230",2014-01-04,"M",3
"1231",2014-01-05,"M",2
"1232",2014-01-06,"M",1
"1233",2014-01-07,"M",1
"1234",2014-01-09,"F",1
"1235",2014-01-09,"M",2
"1236",2014-01-09,"S",1
"1237",2014-01-10,"M",1
"1238",2014-01-10,"S",1
"1239",2014-01-11,"M",1
"1240",2014-01-12,"M",1
"1241",2014-01-13,"M",1
"1242",2014-01-14,"F",1
"1243",2014-01-15,"M",2
"1244",2014-01-16,"M",6
"1245",2014-01-18,"F",1
"1246",2014-01-21,"M",11
"1247",2014-01-22,"M",1
"1248",2014-01-23,"M",1
"1249",2014-01-24,"F",3
"1250",2014-01-24,"M",2
"1251",2014-01-25,"M",2
"1252",2014-01-26,"F",1
"1253",2014-01-26,"M",2
"1254",2014-01-28,"M",1
"1255",2014-01-30,"F",1
"1256",2014-01-30,"M",3
"1257",2014-02-04,"F",1
"1258",2014-02-04,"M",2
"1259",2014-02-05,"F",1
"1260",2014-02-05,"M",3
"1261",2014-02-09,"F",2
"1262",2014-02-09,"M",6
"1263",2014-02-20,"M",4
"1264",2014-02-21,"M",5
"1265",2014-02-22,"M",1
"1266",2014-02-26,"M",1
"1267",2014-02-27,"M",2
"1268",2014-02-28,"F",1
"1269",2014-02-28,"M",1
"1270",2014-03-03,"M",2
"1271",2014-03-04,"F",2
"1272",2014-03-04,"M",3
"1273",2014-03-06,"F",1
"1274",2014-03-07,"F",2
"1275",2014-03-07,"M",9
"1276",2014-03-11,"M",1
"1277",2014-03-12,"M",2
"1278",2014-03-17,"M",2
"1279",2014-03-18,"M",1
"1280",2014-03-19,"M",1
"1281",2014-03-22,"M",1
"1282",2014-03-24,"M",1
"1283",2014-04-06,"M",2
"1284",2014-04-10,"M",2
"1285",2014-04-14,"M",1
"1286",2014-04-16,"M",1
"1287",2014-04-19,"F",2
"1288",2014-04-19,"M",1
"1289",2014-04-20,"M",1
"1290",2014-04-21,"M",1
"1291",2014-04-23,"M",1
"1292",2014-04-26,"M",3
"1293",2014-04-28,"F",1
"1294",2014-04-28,"M",2
"1295",2014-04-28,"S",1
"1296",2014-04-29,"M",6
"1297",2014-04-30,"M",1
"1298",2014-05-01,"F",1
"1299",2014-05-01,"M",2
"1300",2014-05-03,"M",1
"1301",2014-05-06,"M",1
"1302",2014-05-07,"M",1
"1303",2014-05-09,"M",1
"1304",2014-05-10,"M",1
"1305",2014-05-12,"F",2
"1306",2014-05-12,"M",4
"1307",2014-05-14,"M",1
"1308",2014-05-15,"M",1
"1309",2014-05-16,"M",4
"1310",2014-05-17,"M",3
"1311",2014-05-18,"M",1
"1312",2014-05-20,"M",4
"1313",2014-05-21,"M",2
"1314",2014-05-22,"M",1
"1315",2014-05-23,"M",2
"1316",2014-05-24,"M",2
"1317",2014-05-28,"M",1
"1318",2014-05-29,"M",1
"1319",2014-06-01,"M",1
"1320",2014-06-01,"S",1
"1321",2014-06-03,"F",1
"1322",2014-06-03,"M",1
"1323",2014-06-06,"F",1
"1324",2014-06-06,"M",12
"1325",2014-06-09,"M",2
"1326",2014-06-10,"F",1
"1327",2014-06-11,"M",1
"1328",2014-06-12,"M",4
"1329",2014-06-16,"M",1
"1330",2014-06-17,"M",1
"1331",2014-06-18,"F",4
"1332",2014-06-18,"M",4
"1333",2014-06-19,"F",3
"1334",2014-06-19,"M",7
"1335",2014-06-20,"F",1
"1336",2014-06-26,"M",1
"1337",2014-06-27,"M",2
"1338",2014-07-02,"F",1
"1339",2014-07-05,"M",2
"1340",2014-07-09,"M",1
"1341",2014-07-14,"M",1
"1342",2014-07-24,"M",1
"1343",2014-07-25,"F",1
"1344",2014-07-26,"M",1
"1345",2014-07-27,"F",1
"1346",2014-07-27,"M",1
"1347",2014-08-03,"M",1
"1348",2014-08-09,"M",2
"1349",2014-08-11,"M",1
"1350",2014-08-14,"M",1
"1351",2014-08-18,"M",2
"1352",2014-08-22,"M",2
"1353",2014-08-25,"M",1
"1354",2014-08-26,"M",2
"1355",2014-08-29,"F",1
"1356",2014-08-29,"M",12
"1357",2014-09-01,"S",1
"1358",2014-09-02,"M",1
"1359",2014-09-06,"F",1
"1360",2014-09-09,"F",42
"1361",2014-09-09,"M",45
"1362",2014-09-09,"S",1
"1363",2014-09-12,"M",2
"1364",2014-09-13,"M",1
"1365",2014-09-14,"F",1
"1366",2014-09-16,"M",1
"1367",2014-09-17,"F",1
"1368",2014-09-17,"M",2
"1369",2014-09-22,"M",8
"1370",2014-09-24,"M",3
"1371",2014-09-25,"M",1
"1372",2014-09-26,"M",2
"1373",2014-09-29,"F",1
"1374",2014-09-29,"M",14
"1375",2014-09-30,"M",1
"1376",2014-10-02,"F",2
"1377",2014-10-04,"F",1
"1378",2014-10-04,"M",1
"1379",2014-10-07,"M",2
"1380",2014-10-08,"M",1
"1381",2014-10-09,"F",2
"1382",2014-10-09,"M",1
"1383",2014-10-10,"F",1
"1384",2014-10-17,"M",1
"1385",2014-10-20,"F",1
"1386",2014-10-20,"M",11
"1387",2014-10-22,"F",1
"1388",2014-10-22,"M",7
"1389",2014-10-22,"S",1
"1390",2014-10-24,"M",1
"1391",2014-10-26,"F",4
"1392",2014-10-26,"M",14
"1393",2014-10-28,"M",1
"1394",2014-10-31,"F",2
"1395",2014-11-01,"F",43
"1396",2014-11-01,"M",4
"1397",2014-11-01,"S",2
"1398",2014-11-05,"M",2
"1399",2014-11-10,"F",1
"1400",2014-11-10,"M",1
"1401",2014-11-20,"F",2
"1402",2014-11-23,"M",2
"1403",2014-11-26,"F",2
"1404",2014-11-26,"M",1
"1405",2014-12-02,"M",1
"1406",2014-12-04,"F",3
"1407",2014-12-04,"M",9
"1408",2014-12-09,"F",49
"1409",2014-12-09,"M",15
"1410",2014-12-09,"S",1
"1411",2014-12-18,"F",1
"1412",2015-01-01,"F",1
"1413",2015-01-01,"M",12
"1414",2015-01-06,"M",2
"1415",2015-01-07,"M",1
"1416",2015-01-08,"M",1
"1417",2015-01-09,"F",1
"1418",2015-01-10,"F",1
"1419",2015-01-11,"F",12
"1420",2015-01-11,"M",25
"1421",2015-01-11,"S",1
"1422",2015-01-15,"F",57
"1423",2015-01-15,"M",14
"1424",2015-01-19,"M",1
"1425",2015-01-25,"M",1
"1426",2015-01-26,"M",1
"1427",2015-01-28,"F",2
"1428",2015-01-28,"M",15
"1429",2015-01-30,"M",1
"1430",2015-02-02,"M",1
"1431",2015-02-03,"M",1
"1432",2015-02-04,"F",1
"1433",2015-02-05,"M",2
"1434",2015-02-06,"F",1
"1435",2015-02-08,"F",1
"1436",2015-02-09,"M",1
"1437",2015-02-10,"F",2
"1438",2015-02-10,"M",1
"1439",2015-02-12,"M",1
"1440",2015-02-13,"F",1
"1441",2015-02-13,"M",8
"1442",2015-02-13,"S",1
"1443",2015-02-14,"M",1
"1444",2015-02-16,"F",1
"1445",2015-02-16,"M",1
"1446",2015-02-17,"M",1
"1447",2015-02-20,"M",5
"1448",2015-02-23,"F",2
"1449",2015-02-23,"M",29
"1450",2015-02-24,"M",3
"1451",2015-02-25,"F",1
"1452",2015-02-26,"F",4
"1453",2015-02-26,"M",4
"1454",2015-02-27,"M",1
"1455",2015-02-28,"F",2
"1456",2015-02-28,"M",3
"1457",2015-03-01,"M",1
"1458",2015-03-02,"M",1
"1459",2015-03-05,"F",1
"1460",2015-03-06,"F",2
"1461",2015-03-08,"M",1
"1462",2015-03-10,"M",9
"1463",2015-03-11,"F",2
"1464",2015-03-11,"M",12
"1465",2015-03-12,"M",2
"1466",2015-03-13,"F",1
"1467",2015-03-13,"M",2
"1468",2015-03-14,"F",1
"1469",2015-03-14,"M",1
"1470",2015-03-16,"F",1
"1471",2015-03-17,"F",1
"1472",2015-03-17,"M",3
"1473",2015-03-20,"F",1
"1474",2015-03-20,"M",1
"1475",2015-03-24,"F",1
"1476",2015-03-24,"M",1
"1477",2015-03-28,"F",1
"1478",2015-03-30,"M",1
"1479",2015-03-31,"F",1
"1480",2015-03-31,"M",1
"1481",2015-04-05,"M",2
"1482",2015-04-06,"F",2
"1483",2015-04-07,"M",1
"1484",2015-04-08,"F",3
"1485",2015-04-08,"M",10
"1486",2015-04-08,"S",1
"1487",2015-04-09,"M",1
"1488",2015-04-10,"M",1
"1489",2015-04-11,"F",3
"1490",2015-04-11,"M",8
"1491",2015-04-13,"F",3
"1492",2015-04-13,"M",5
"1493",2015-04-20,"M",1
"1494",2015-04-23,"F",1
"1495",2015-04-23,"M",4
"1496",2015-04-27,"M",1
"1497",2015-04-28,"M",2
"1498",2015-04-30,"M",1
"1499",2015-05-03,"F",1
"1500",2015-05-03,"M",2
"1501",2015-05-05,"F",3
"1502",2015-05-05,"M",2
"1503",2015-05-06,"M",1
"1504",2015-05-07,"F",2
"1505",2015-05-07,"M",2
"1506",2015-05-08,"M",1
"1507",2015-05-09,"M",4
"1508",2015-05-19,"F",1
"1509",2015-05-27,"F",2
"1510",2015-05-27,"M",3
"1511",2015-05-28,"M",1
"1512",2015-05-30,"M",1
"1513",2015-05-31,"F",1
"1514",2015-05-31,"M",1
"1515",2015-06-01,"F",1
"1516",2015-06-01,"M",1
"1517",2015-06-04,"F",1
"1518",2015-06-05,"F",1
"1519",2015-06-05,"M",2
"1520",2015-06-07,"F",1
"1521",2015-06-07,"M",2
"1522",2015-06-09,"M",2
"1523",2015-06-11,"F",2
"1524",2015-06-11,"M",2
"1525",2015-06-12,"M",1
"1526",2015-06-16,"M",1
"1527",2015-06-17,"M",1
"1528",2015-06-18,"M",3
"1529",2015-06-20,"F",1
"1530",2015-06-22,"F",1
"1531",2015-06-22,"M",1
"1532",2015-06-24,"F",1
"1533",2015-06-25,"F",1
"1534",2015-06-25,"M",2
"1535",2015-07-13,"M",1
"1536",2015-07-15,"M",1
"1537",2015-07-16,"F",2
"1538",2015-07-16,"M",3
"1539",2015-07-19,"M",1
"1540",2015-07-23,"M",1
"1541",2015-07-25,"F",1
"1542",2015-07-25,"M",1
"1543",2015-07-27,"F",1
"1544",2015-07-28,"M",2
"1545",2015-07-31,"M",2
"1546",2015-08-01,"M",1
"1547",2015-08-04,"F",1
"1548",2015-08-08,"M",4
"1549",2015-08-12,"M",1
"1550",2015-08-13,"M",2
"1551",2015-08-15,"M",1
"1552",2015-08-17,"F",1
"1553",2015-08-17,"M",1
"1554",2015-08-18,"M",1
"1555",2015-08-20,"M",1
"1556",2015-08-21,"F",1
"1557",2015-08-24,"M",1
"1558",2015-08-25,"M",1
"1559",2015-08-26,"F",2
"1560",2015-08-26,"M",1
"1561",2015-08-27,"F",2
"1562",2015-08-28,"M",1
"1563",2015-08-29,"F",2
"1564",2015-09-02,"M",1
"1565",2015-09-04,"M",1
"1566",2015-09-07,"F",1
"1567",2015-09-07,"M",1
"1568",2015-09-08,"M",3
"1569",2015-09-09,"M",2
"1570",2015-09-10,"F",1
"1571",2015-09-11,"M",1
"1572",2015-09-15,"M",1
"1573",2015-09-18,"F",3
"1574",2015-09-18,"M",2
"1575",2015-09-20,"M",1
"1576",2015-09-21,"M",1
"1577",2015-09-22,"M",1
"1578",2015-09-23,"F",1
"1579",2015-09-23,"M",8
"1580",2015-09-26,"M",1
"1581",2015-09-27,"M",1
"1582",2015-09-29,"F",86
"1583",2015-09-29,"M",21
"1584",2015-09-29,"S",5
"1585",2015-10-01,"M",1
"1586",2015-10-06,"M",9
"1587",2015-10-07,"M",1
"1588",2015-10-08,"M",1
"1589",2015-10-10,"F",1
"1590",2015-10-11,"F",2
"1591",2015-10-11,"M",9
"1592",2015-10-14,"M",3
"1593",2015-10-15,"F",4
"1594",2015-10-15,"M",10
"1595",2015-10-17,"F",1
"1596",2015-10-17,"M",1
"1597",2015-10-19,"M",1
"1598",2015-10-21,"M",1
"1599",2015-10-22,"F",1
"1600",2015-10-23,"F",2
"1601",2015-10-23,"M",1
"1602",2015-10-27,"F",1
"1603",2015-10-28,"S",1
"1604",2015-11-01,"M",1
"1605",2015-11-09,"M",4
"1606",2015-11-10,"F",2
"1607",2015-11-10,"M",2
"1608",2015-11-12,"M",1
"1609",2015-11-13,"M",2
"1610",2015-11-16,"F",1
"1611",2015-11-17,"M",2
"1612",2015-11-22,"M",1
"1613",2015-11-23,"F",2
"1614",2015-11-23,"M",1
"1615",2015-11-25,"M",1
"1616",2015-11-28,"M",1
"1617",2015-12-02,"M",5
"1618",2015-12-03,"F",1
"1619",2015-12-12,"M",1
"1620",2015-12-13,"M",1
"1621",2015-12-22,"F",1
"1622",2015-12-22,"M",1
"1623",2015-12-23,"M",6
"1624",2015-12-26,"F",1
"1625",2015-12-31,"F",1
"1626",2015-12-31,"M",1
"1627",2016-01-06,"M",1
"1628",2016-01-09,"M",1
"1629",2016-01-10,"M",2
"1630",2016-01-13,"F",1
"1631",2016-01-16,"F",1
"1632",2016-01-18,"M",1
"1633",2016-01-20,"F",1
"1634",2016-01-22,"F",1
"1635",2016-01-22,"M",2
"1636",2016-01-24,"M",1
"1637",2016-01-26,"M",1
"1638",2016-01-27,"F",1
"1639",2016-02-02,"F",1
"1640",2016-02-05,"M",7
"1641",2016-02-09,"M",1
"1642",2016-02-11,"M",1
"1643",2016-02-15,"F",3
"1644",2016-02-15,"M",9
"1645",2016-02-16,"F",15
"1646",2016-02-17,"F",1
"1647",2016-02-17,"M",1
"1648",2016-02-18,"M",1
"1649",2016-02-19,"F",1
"1650",2016-02-25,"M",1
"1651",2016-02-28,"F",1
"1652",2016-03-01,"F",2
"1653",2016-03-01,"M",10
"1654",2016-03-02,"F",2
"1655",2016-03-02,"M",9
"1656",2016-03-03,"M",1
"1657",2016-03-06,"M",1
"1658",2016-03-07,"M",1
"1659",2016-03-08,"F",1
"1660",2016-03-08,"M",1
"1661",2016-03-10,"M",1
"1662",2016-03-11,"F",1
"1663",2016-03-11,"M",3
"1664",2016-03-14,"F",16
"1665",2016-03-15,"F",1
"1666",2016-03-15,"M",4
"1667",2016-03-15,"S",1
"1668",2016-03-17,"F",1
"1669",2016-03-17,"M",3
"1670",2016-03-18,"M",1
"1671",2016-03-22,"M",1
"1672",2016-03-26,"M",3
"1673",2016-03-27,"M",2
"1674",2016-03-28,"F",3
"1675",2016-03-28,"M",4
"1676",2016-03-30,"M",1
"1677",2016-03-31,"M",1
"1678",2016-04-02,"M",3
"1679",2016-04-03,"M",1
"1680",2016-04-07,"M",1
"1681",2016-04-09,"F",1
"1682",2016-04-09,"M",1
"1683",2016-04-11,"F",1
"1684",2016-04-11,"M",16
"1685",2016-04-12,"M",1
"1686",2016-04-13,"F",3
"1687",2016-04-13,"M",4
"1688",2016-04-14,"M",1
"1689",2016-04-15,"M",1
"1690",2016-04-16,"F",1
"1691",2016-04-16,"M",7
"1692",2016-04-17,"M",2
"1693",2016-04-20,"F",2
"1694",2016-04-20,"M",3
"1695",2016-04-21,"M",1
"1696",2016-04-22,"F",1
"1697",2016-04-23,"F",1
"1698",2016-04-24,"M",1
"1699",2016-04-26,"F",7
"1700",2016-04-26,"M",2
"1701",2016-04-28,"F",3
"1702",2016-04-28,"M",3
"1703",2016-04-29,"F",3
"1704",2016-04-29,"M",4
"1705",2016-04-30,"F",1
"1706",2016-05-01,"F",1
"1707",2016-05-01,"M",4
"1708",2016-05-04,"M",1
"1709",2016-05-05,"F",9
"1710",2016-05-05,"M",4
"1711",2016-05-06,"F",5
"1712",2016-05-06,"M",15
"1713",2016-05-11,"F",1
"1714",2016-05-12,"M",3
"1715",2016-05-13,"M",1
"1716",2016-05-19,"F",2
"1717",2016-05-20,"M",1
"1718",2016-05-21,"F",1
"1719",2016-05-21,"M",4
"1720",2016-05-23,"M",1
"1721",2016-05-26,"M",1
"1722",2016-05-30,"F",1
"1723",2016-05-30,"M",2
"1724",2016-05-31,"F",1
"1725",2016-05-31,"M",9
"1726",2016-06-01,"M",1
"1727",2016-06-02,"M",6
"1728",2016-06-03,"F",1
"1729",2016-06-03,"M",1
"1730",2016-06-03,"S",6
"1731",2016-06-04,"M",4
"1732",2016-06-06,"M",1
"1733",2016-06-11,"M",1
"1734",2016-06-15,"M",1
"1735",2016-06-16,"M",13
"1736",2016-06-21,"F",1
"1737",2016-06-21,"M",1
"1738",2016-06-22,"M",1
"1739",2016-06-24,"M",2
"1740",2016-06-25,"M",3
"1741",2016-06-27,"M",1
"1742",2016-06-29,"M",1
"1743",2016-12-24,"M",2
"1744",2017-01-01,"M",1
"1745",2017-01-06,"F",2
"1746",2017-01-06,"M",15
"1747",2017-01-07,"M",1
"1748",2017-01-09,"M",2
"1749",2017-01-10,"M",1
"1750",2017-01-11,"F",2
"1751",2017-01-11,"M",1
"1752",2017-01-12,"M",1
"1753",2017-01-13,"M",1
"1754",2017-01-14,"M",2
"1755",2017-01-16,"M",1
"1756",2017-01-17,"F",2
"1757",2017-01-17,"M",3
"1758",2017-01-19,"M",3
"1759",2017-01-24,"F",1
"1760",2017-01-24,"M",3
"1761",2017-01-25,"M",2
"1762",2017-01-27,"F",6
"1763",2017-01-27,"M",18
"1764",2017-01-28,"M",2
"1765",2017-01-29,"M",2
"1766",2017-01-30,"M",1
"1767",2017-02-01,"M",1
"1768",2017-02-02,"M",3
"1769",2017-02-04,"M",2
"1770",2017-02-06,"M",1
"1771",2017-02-07,"F",1
"1772",2017-02-09,"F",1
"1773",2017-02-09,"M",3
"1774",2017-02-10,"M",4
"1775",2017-02-11,"F",5
"1776",2017-02-11,"M",2
"1777",2017-02-12,"M",1
"1778",2017-02-13,"F",3
"1779",2017-02-13,"M",5
"1780",2017-02-15,"F",6
"1781",2017-02-15,"M",13
"1782",2017-02-16,"M",1
"1783",2017-02-18,"M",2
"1784",2017-02-19,"M",1
"1785",2017-02-20,"F",1
"1786",2017-02-20,"M",4
"1787",2017-02-22,"M",1
"1788",2017-02-27,"M",1
"1789",2017-02-28,"M",10
"1790",2017-03-02,"F",1
"1791",2017-03-02,"M",1
"1792",2017-03-03,"F",2
"1793",2017-03-03,"M",12
"1794",2017-03-05,"M",3
"1795",2017-03-07,"M",3
"1796",2017-03-08,"F",5
"1797",2017-03-08,"M",9
"1798",2017-03-09,"M",1
"1799",2017-03-11,"M",1
"1800",2017-03-14,"F",4
"1801",2017-03-14,"M",2
"1802",2017-03-18,"F",1
"1803",2017-03-18,"M",1
"1804",2017-03-19,"F",1
"1805",2017-03-21,"F",3
"1806",2017-03-21,"M",5
"1807",2017-03-22,"F",3
"1808",2017-03-22,"M",2
"1809",2017-03-23,"F",1
"1810",2017-03-23,"M",1
"1811",2017-03-24,"M",3
"1812",2017-03-25,"F",2
"1813",2017-03-25,"M",9
"1814",2017-03-26,"M",1
"1815",2017-03-29,"F",1
"1816",2017-03-29,"M",6
"1817",2017-03-30,"S",1
"1818",2017-03-31,"M",2
"1819",2017-04-02,"M",2
"1820",2017-04-04,"M",2
"1821",2017-04-05,"M",1
"1822",2017-04-06,"M",1
"1823",2017-04-09,"M",1
"1824",2017-04-10,"M",6
"1825",2017-04-11,"F",1
"1826",2017-04-18,"F",1
"1827",2017-04-19,"M",1
"1828",2017-04-20,"M",8
"1829",2017-04-22,"M",1
"1830",2017-04-24,"M",1
"1831",2017-04-25,"M",1
"1832",2017-04-27,"M",4
"1833",2017-04-28,"M",5
"1834",2017-05-01,"M",4
"1835",2017-05-02,"F",2
"1836",2017-05-02,"M",3
"1837",2017-05-04,"M",9
"1838",2017-05-05,"F",1
"1839",2017-05-05,"M",1
"1840",2017-05-06,"M",1
"1841",2017-05-07,"F",1
"1842",2017-05-07,"M",1
"1843",2017-05-08,"F",1
"1844",2017-05-08,"M",1
"1845",2017-05-09,"F",2
"1846",2017-05-09,"M",1
"1847",2017-05-10,"M",1
"1848",2017-05-11,"M",1
"1849",2017-05-13,"M",1
"1850",2017-05-14,"M",2
"1851",2017-05-16,"M",2
"1852",2017-05-25,"M",1
"1853",2017-05-26,"F",1
"1854",2017-05-26,"M",1
"1855",2017-05-27,"M",1
"1856",2017-06-03,"M",1
"1857",2017-06-04,"F",1
"1858",2017-06-04,"M",7
"1859",2017-06-06,"F",1
"1860",2017-06-06,"M",2
"1861",2017-06-07,"F",1
"1862",2017-06-07,"M",2
"1863",2017-06-08,"M",2
"1864",2017-06-12,"M",1
"1865",2017-06-13,"F",2
"1866",2017-06-13,"M",3
"1867",2017-06-14,"F",1
"1868",2017-06-14,"M",3
"1869",2017-06-15,"F",1
"1870",2017-06-21,"M",1
"1871",2017-06-22,"F",9
"1872",2017-06-22,"M",4
"1873",2017-06-24,"F",2
"1874",2017-06-25,"M",3
"1875",2017-06-26,"F",2
"1876",2017-06-29,"M",1
"1877",2017-06-30,"F",1
"1878",2017-06-30,"M",7
"1879",2017-07-03,"M",1
"1880",2017-07-04,"M",1
"1881",2017-07-10,"F",3
"1882",2017-07-10,"M",4
"1883",2017-07-12,"M",1
"1884",2017-07-13,"F",1
"1885",2017-07-13,"M",1
"1886",2017-07-14,"M",3
"1887",2017-07-16,"F",1
"1888",2017-07-16,"M",4
"1889",2017-07-20,"M",2
"1890",2017-07-23,"M",1
"1891",2017-07-24,"M",1
"1892",2017-07-27,"M",1
"1893",2017-07-27,"S",1
"1894",2017-07-28,"F",1
"1895",2017-07-28,"M",1
"1896",2017-07-28,"S",2
"1897",2017-07-31,"F",1
"1898",2017-07-31,"M",4
"1899",2017-08-01,"F",3
"1900",2017-08-01,"M",11
"1901",2017-08-02,"F",1
"1902",2017-08-02,"M",1
"1903",2017-08-03,"F",2
"1904",2017-08-03,"M",3
"1905",2017-08-04,"F",2
"1906",2017-08-04,"M",3
"1907",2017-08-06,"M",1
"1908",2017-08-07,"F",1
"1909",2017-08-08,"F",1
"1910",2017-08-08,"M",3
"1911",2017-08-09,"M",1
"1912",2017-08-11,"M",1
"1913",2017-08-12,"M",1
"1914",2017-08-16,"M",1
"1915",2017-08-22,"M",6
"1916",2017-08-24,"F",6
"1917",2017-08-24,"M",1
"1918",2017-08-26,"M",1
"1919",2017-08-28,"M",1
"1920",2017-09-03,"F",4
"1921",2017-09-03,"M",5
"1922",2017-09-07,"F",1
"1923",2017-09-08,"M",1
"1924",2017-09-11,"M",1
"1925",2017-09-17,"M",1
"1926",2017-09-19,"F",1
"1927",2017-09-19,"M",1
"1928",2017-09-20,"M",1
"1929",2017-09-21,"M",1
"1930",2017-09-22,"M",6
"1931",2017-09-23,"F",1
"1932",2017-09-23,"M",1
"1933",2017-09-24,"F",2
"1934",2017-09-24,"M",2
"1935",2017-09-26,"F",1
"1936",2017-09-26,"M",4
"1937",2017-09-27,"M",2
"1938",2017-09-28,"M",1
"1939",2017-09-29,"F",2
"1940",2017-09-29,"M",1
"1941",2017-10-02,"F",1
"1942",2017-10-02,"M",2
"1943",2017-10-03,"M",1
"1944",2017-10-04,"F",1
"1945",2017-10-04,"M",1
"1946",2017-10-05,"M",1
"1947",2017-10-07,"M",1
"1948",2017-10-08,"F",2
"1949",2017-10-08,"M",2
"1950",2017-10-11,"M",1
"1951",2017-10-13,"F",4
"1952",2017-10-13,"M",7
"1953",2017-10-17,"F",1
"1954",2017-10-17,"M",7
"1955",2017-10-18,"F",2
"1956",2017-10-19,"F",1
"1957",2017-10-21,"M",1
"1958",2017-10-22,"M",1
"1959",2017-10-24,"M",1
"1960",2017-10-25,"F",1
"1961",2017-10-25,"M",1
"1962",2017-10-27,"M",1
"1963",2017-10-30,"M",1
"1964",2017-11-02,"F",1
"1965",2017-11-06,"M",1
"1966",2017-11-07,"M",1
"1967",2017-11-08,"F",1
"1968",2017-11-12,"F",1
"1969",2017-11-19,"M",1
"1970",2017-11-21,"F",1
"1971",2017-11-23,"M",1
"1972",2017-11-24,"M",1
"1973",2017-11-26,"M",1
"1974",2017-11-28,"F",8
"1975",2017-11-29,"F",1
"1976",2017-12-04,"M",1
"1977",2017-12-05,"M",1
"1978",2017-12-06,"M",1
"1979",2017-12-08,"M",1
"1980",2017-12-09,"M",1
"1981",2017-12-10,"M",1
"1982",2017-12-11,"F",1
"1983",2017-12-12,"M",1
"1984",2017-12-13,"M",1
"1985",2017-12-14,"F",1
"1986",2017-12-14,"M",6
"1987",2017-12-15,"M",2
"1988",2017-12-18,"M",1
"1989",2017-12-20,"M",1
"1990",2017-12-21,"M",1
"1991",2017-12-22,"M",1
"1992",2017-12-24,"M",4
"1993",2017-12-29,"M",1
"1994",2017-12-30,"M",1
"1995",2018-01-03,"M",1
"1996",2018-01-06,"M",1
"1997",2018-01-07,"F",1
"1998",2018-01-15,"F",3
"1999",2018-01-15,"M",11
"2000",2018-01-17,"M",5
"2001",2018-01-18,"F",2
"2002",2018-01-18,"M",4
"2003",2018-01-19,"M",2
"2004",2018-01-20,"F",1
"2005",2018-01-20,"M",1
"2006",2018-01-21,"M",1
"2007",2018-01-22,"M",1
"2008",2018-01-23,"F",2
"2009",2018-01-23,"M",3
"2010",2018-01-24,"M",1
"2011",2018-01-25,"F",1
"2012",2018-01-25,"M",3
"2013",2018-01-26,"M",2
"2014",2018-01-27,"F",6
"2015",2018-01-27,"M",5
"2016",2018-01-28,"F",1
"2017",2018-01-28,"M",1
"2018",2018-01-29,"F",1
"2019",2018-01-29,"M",3
"2020",2018-01-30,"M",2
"2021",2018-01-31,"M",1
"2022",2018-02-01,"F",1
"2023",2018-02-02,"F",7
"2024",2018-02-02,"M",11
"2025",2018-02-03,"F",1
"2026",2018-02-03,"M",1
"2027",2018-02-04,"M",1
"2028",2018-02-05,"M",1
"2029",2018-02-06,"F",1
"2030",2018-02-06,"M",1
"2031",2018-02-08,"F",3
"2032",2018-02-08,"M",3
"2033",2018-02-09,"F",1
"2034",2018-02-09,"M",3
"2035",2018-02-10,"F",1
"2036",2018-02-10,"M",1
"2037",2018-02-11,"M",1
"2038",2018-02-14,"M",1
"2039",2018-02-17,"F",3
"2040",2018-02-17,"M",5
"2041",2018-02-19,"M",1
"2042",2018-02-21,"M",1
"2043",2018-02-23,"M",2
"2044",2018-02-26,"M",1
"2045",2018-03-02,"M",1
"2046",2018-03-03,"M",3
"2047",2018-03-05,"M",1
"2048",2018-03-06,"M",2
"2049",2018-03-08,"M",1
"2050",2018-03-09,"M",1
"2051",2018-03-13,"M",1
"2052",2018-03-15,"M",1
"2053",2018-03-18,"M",1
"2054",2018-03-19,"F",1
"2055",2018-03-19,"M",2
"2056",2018-03-22,"M",1
"2057",2018-03-25,"M",3
"2058",2018-03-26,"F",1
"2059",2018-03-30,"F",1
"2060",2018-03-30,"M",5
"2061",2018-03-31,"M",2
"2062",2018-04-01,"M",1
"2063",2018-04-02,"F",1
"2064",2018-04-02,"M",3
"2065",2018-04-03,"M",1
"2066",2018-04-04,"F",1
"2067",2018-04-04,"M",1
"2068",2018-04-05,"F",3
"2069",2018-04-05,"M",12
"2070",2018-04-06,"M",1
"2071",2018-04-07,"M",1
"2072",2018-04-08,"M",1
"2073",2018-04-10,"M",6
"2074",2018-04-11,"F",1
"2075",2018-04-11,"M",4
"2076",2018-04-12,"M",1
"2077",2018-04-13,"M",1
"2078",2018-04-14,"F",1
"2079",2018-04-14,"M",2
"2080",2018-04-15,"M",1
"2081",2018-04-16,"M",2
"2082",2018-04-17,"M",1
"2083",2018-04-18,"M",1
"2084",2018-04-19,"M",2
"2085",2018-04-20,"F",3
"2086",2018-04-20,"M",10
"2087",2018-04-22,"M",1
"2088",2018-04-23,"F",1
"2089",2018-04-25,"F",1
"2090",2018-04-26,"M",2
"2091",2018-04-27,"F",1
"2092",2018-04-29,"M",1
"2093",2018-05-02,"F",1
"2094",2018-05-02,"M",1
"2095",2018-05-03,"M",1
"2096",2018-05-04,"F",1
"2097",2018-05-06,"F",5
"2098",2018-05-06,"M",11
"2099",2018-05-08,"F",15
"2100",2018-05-08,"M",6
"2101",2018-05-10,"F",1
"2102",2018-05-12,"F",2
"2103",2018-05-12,"M",3
"2104",2018-05-13,"M",2
"2105",2018-05-14,"M",1
"2106",2018-05-15,"F",3
"2107",2018-05-15,"M",8
"2108",2018-05-16,"F",4
"2109",2018-05-16,"M",20
"2110",2018-05-20,"M",1
"2111",2018-05-23,"F",5
"2112",2018-05-23,"M",6
"2113",2018-05-24,"F",1
"2114",2018-05-24,"M",2
"2115",2018-05-27,"F",4
"2116",2018-05-27,"M",4
"2117",2018-05-28,"M",2
"2118",2018-05-29,"M",1
"2119",2018-05-30,"M",1
"2120",2018-06-01,"F",4
"2121",2018-06-01,"M",5
"2122",2018-06-02,"M",2
"2123",2018-06-03,"F",1
"2124",2018-06-03,"M",4
"2125",2018-06-05,"M",1
"2126",2018-06-06,"M",1
"2127",2018-06-10,"F",1
"2128",2018-06-10,"M",1
"2129",2018-06-11,"M",1
"2130",2018-06-12,"F",1
"2131",2018-06-12,"M",1
"2132",2018-06-13,"M",1
"2133",2018-06-15,"M",4
"2134",2018-06-16,"F",1
"2135",2018-06-16,"M",6
"2136",2018-06-17,"M",2
"2137",2018-06-19,"M",1
"2138",2018-06-20,"F",2
"2139",2018-06-20,"M",17
"2140",2018-06-21,"M",1
"2141",2018-06-23,"M",2
"2142",2018-06-25,"M",1
"2143",2018-06-26,"M",1
"2144",2018-06-27,"F",3
"2145",2018-06-27,"M",3
"2146",2018-06-28,"M",1
"2147",2018-06-29,"M",7
"2148",2018-07-01,"F",3
"2149",2018-07-01,"M",5
"2150",2018-07-02,"F",2
"2151",2018-07-02,"M",1
"2152",2018-07-03,"F",4
"2153",2018-07-03,"M",3
"2154",2018-07-04,"M",1
"2155",2018-07-05,"F",14
"2156",2018-07-05,"M",7
"2157",2018-07-06,"F",8
"2158",2018-07-06,"M",3
"2159",2018-07-07,"F",1
"2160",2018-07-07,"M",1
"2161",2018-07-08,"F",2
"2162",2018-07-08,"M",2
"2163",2018-07-09,"F",1
"2164",2018-07-09,"M",2
"2165",2018-07-10,"F",4
"2166",2018-07-10,"M",6
"2167",2018-07-15,"M",13
"2168",2018-07-16,"F",2
"2169",2018-07-16,"M",13
"2170",2018-07-17,"M",5
"2171",2018-07-18,"F",1
"2172",2018-07-18,"M",3
"2173",2018-07-20,"M",6
"2174",2018-07-21,"F",1
"2175",2018-07-21,"M",2
"2176",2018-07-23,"F",1
"2177",2018-07-23,"M",2
"2178",2018-07-25,"M",2
"2179",2018-07-30,"M",1
"2180",2018-08-01,"F",17
"2181",2018-08-01,"M",15
"2182",2018-08-02,"F",4
"2183",2018-08-02,"M",9
"2184",2018-08-04,"F",3
"2185",2018-08-04,"M",5
"2186",2018-08-07,"M",1
"2187",2018-08-08,"M",2
"2188",2018-08-09,"M",1
"2189",2018-08-10,"F",4
"2190",2018-08-10,"M",10
"2191",2018-08-11,"F",12
"2192",2018-08-11,"M",3
"2193",2018-08-15,"M",1
"2194",2018-08-18,"M",1
"2195",2018-08-19,"M",2
"2196",2018-08-20,"M",1
"2197",2018-08-21,"F",1
"2198",2018-08-23,"F",3
"2199",2018-08-23,"M",3
"2200",2018-08-24,"F",1
"2201",2018-08-24,"M",1
"2202",2018-08-27,"M",1
"2203",2018-08-29,"F",2
"2204",2018-08-29,"M",3
"2205",2018-08-31,"M",2
"2206",2018-09-02,"F",1
"2207",2018-09-02,"M",1
"2208",2018-09-03,"F",1
"2209",2018-09-04,"F",1
"2210",2018-09-04,"M",1
"2211",2018-09-05,"F",3
"2212",2018-09-05,"M",8
"2213",2018-09-06,"F",4
"2214",2018-09-06,"M",2
"2215",2018-09-07,"F",4
"2216",2018-09-07,"M",12
"2217",2018-09-08,"M",2
"2218",2018-09-09,"F",2
"2219",2018-09-14,"M",1
"2220",2018-09-15,"F",2
"2221",2018-09-15,"M",2
"2222",2018-09-16,"M",1
"2223",2018-09-17,"M",1
"2224",2018-09-18,"M",2
"2225",2018-09-23,"M",1
"2226",2018-09-24,"F",1
"2227",2018-09-24,"M",2
"2228",2018-09-25,"M",1
"2229",2018-09-26,"M",1
"2230",2018-09-27,"F",1
"2231",2018-09-27,"M",1
"2232",2018-10-01,"M",1
"2233",2018-10-04,"M",4
"2234",2018-10-05,"M",1
"2235",2018-10-06,"M",3
"2236",2018-10-07,"M",1
"2237",2018-10-08,"F",1
"2238",2018-10-08,"M",6
"2239",2018-10-09,"M",1
"2240",2018-10-12,"F",5
"2241",2018-10-12,"M",6
"2242",2018-10-13,"M",1
"2243",2018-10-17,"F",2
"2244",2018-10-20,"F",1
"2245",2018-10-22,"M",2
"2246",2018-10-29,"F",1
"2247",2018-10-29,"M",1
"2248",2018-10-31,"M",1
"2249",2018-11-01,"M",3
"2250",2018-11-02,"F",2
"2251",2018-11-02,"M",5
"2252",2018-11-04,"F",1
"2253",2018-11-04,"M",1
"2254",2018-11-08,"M",2
"2255",2018-11-11,"M",17
"2256",2018-11-13,"F",3
"2257",2018-11-13,"M",4
"2258",2018-11-17,"M",1
"2259",2018-11-23,"F",1
"2260",2018-11-23,"M",2
"2261",2018-11-27,"F",1
"2262",2018-11-28,"M",1
"2263",2018-11-29,"F",3
"2264",2018-11-29,"M",6
"2265",2018-12-02,"M",2
"2266",2018-12-06,"M",1
"2267",2018-12-07,"M",2
"2268",2018-12-08,"F",1
"2269",2018-12-09,"M",2
"2270",2018-12-10,"F",1
"2271",2018-12-11,"M",1
"2272",2018-12-15,"M",1
"2273",2018-12-16,"M",1
"2274",2018-12-17,"F",2
"2275",2018-12-17,"M",8
"2276",2018-12-18,"M",1
"2277",2018-12-20,"M",1
"2278",2018-12-27,"M",1
"2279",2018-12-31,"M",1
"2280",2019-01-01,"M",2
"2281",2019-01-01,"S",1
"2282",2019-01-02,"M",1
"2283",2019-01-04,"M",3
"2284",2019-01-05,"F",2
"2285",2019-01-05,"M",4
"2286",2019-01-05,"S",2
"2287",2019-01-06,"M",1
"2288",2019-01-07,"S",2
"2289",2019-01-12,"F",1
"2290",2019-01-12,"M",1
"2291",2019-01-13,"F",2
"2292",2019-01-13,"M",3
"2293",2019-01-15,"M",1
"2294",2019-01-17,"M",5
"2295",2019-01-20,"M",2
"2296",2019-01-22,"F",1
"2297",2019-01-22,"M",1
"2298",2019-01-23,"F",3
"2299",2019-01-23,"M",5
"2300",2019-01-23,"S",2
"2301",2019-01-24,"M",2
"2302",2019-01-25,"M",5
"2303",2019-01-26,"F",3
"2304",2019-01-26,"M",4
"2305",2019-01-29,"M",1
"2306",2019-01-30,"F",2
"2307",2019-01-30,"M",3
"2308",2019-01-30,"S",1
"2309",2019-01-31,"F",4
"2310",2019-01-31,"M",4
"2311",2019-01-31,"S",1
"2312",2019-02-03,"S",1
"2313",2019-02-05,"F",1
"2314",2019-02-08,"F",1
"2315",2019-02-08,"M",4
"2316",2019-02-08,"S",1
"2317",2019-02-10,"F",4
"2318",2019-02-10,"M",4
"2319",2019-02-13,"F",1
"2320",2019-02-14,"F",1
"2321",2019-02-16,"M",1
"2322",2019-02-20,"F",1
"2323",2019-02-25,"F",1
"2324",2019-02-25,"M",1
"2325",2019-02-25,"S",1
"2326",2019-02-27,"F",1
"2327",2019-03-05,"S",1
"2328",2019-03-07,"M",1
"2329",2019-03-11,"M",1
"2330",2019-03-14,"M",1
"2331",2019-03-17,"M",2
"2332",2019-03-18,"M",1
"2333",2019-03-22,"M",1
"2334",2019-03-25,"M",1
"2335",2019-03-28,"M",1
"2336",2019-04-07,"F",1
"2337",2019-04-10,"M",1
"2338",2019-04-11,"M",1
"2339",2019-04-12,"M",1
"2340",2019-04-27,"M",1
"2341",2019-05-01,"M",1
"2342",2019-05-02,"M",1
"2343",2019-05-04,"M",1
"2344",2019-05-07,"M",1
"2345",2019-05-08,"M",2
"2346",2019-05-09,"M",3
"2347",2019-05-10,"M",1
"2348",2019-05-11,"S",1
"2349",2019-05-14,"M",1
"2350",2019-05-15,"M",1
"2351",2019-05-16,"F",1
"2352",2019-05-17,"M",1
"2353",2019-05-23,"S",1
"2354",2019-05-24,"F",1
"2355",2019-05-30,"M",1
"2356",2019-06-01,"M",1
"2357",2019-06-06,"M",1
"2358",2019-06-10,"M",1
"2359",2019-06-10,"S",1
"2360",2019-06-26,"M",1
"2361",2019-07-20,"M",1
"2362",2019-07-27,"M",1
"2363",2019-07-28,"M",1
